dataset;movimiento;json;tiene_audio;audio
Anne-Charlotte__music;6c94a1f2923127e2630b44c93dc94063573fb21e;D:\ritxi\AHOOTSA8\recursos_bailes\datasets_hf\Anne-Charlotte__music\.cache\huggingface\trees\6c94a1f2923127e2630b44c93dc94063573fb21e.json;False;
Anne-Charlotte__music;beyonce-single-ladies;D:\ritxi\AHOOTSA8\recursos_bailes\datasets_hf\Anne-Charlotte__music\data\beyonce-single-ladies.json;True;D:\ritxi\AHOOTSA8\recursos_bailes\datasets_hf\Anne-Charlotte__music\data\beyonce-single-ladies.ogg
Anne-Charlotte__music;demon-hunters-1;D:\ritxi\AHOOTSA8\recursos_bailes\datasets_hf\Anne-Charlotte__music\data\demon-hunters-1.json;True;D:\ritxi\AHOOTSA8\recursos_bailes\datasets_hf\Anne-Charlotte__music\data\demon-hunters-1.ogg
Anne-Charlotte__music;eagles-hotel-california;D:\ritxi\AHOOTSA8\recursos_bailes\datasets_hf\Anne-Charlotte__music\data\eagles-hotel-california.json;True;D:\ritxi\AHOOTSA8\recursos_bailes\datasets_hf\Anne-Charlotte__music\data\eagles-hotel-california.ogg
Anne-Charlotte__music;eminem-lose-yourself;D:\ritxi\AHOOTSA8\recursos_bailes\datasets_hf\Anne-Charlotte__music\data\eminem-lose-yourself.json;True;D:\ritxi\AHOOTSA8\recursos_bailes\datasets_hf\Anne-Charlotte__music\data\eminem-lose-yourself.ogg
Anne-Charlotte__music;feel-the-magic-in-the-air;D:\ritxi\AHOOTSA8\recursos_bailes\datasets_hf\Anne-Charlotte__music\data\feel-the-magic-in-the-air.json;True;D:\ritxi\AHOOTSA8\recursos_bailes\datasets_hf\Anne-Charlotte__music\data\feel-the-magic-in-the-air.ogg
Anne-Charlotte__music;katy-perry-fireworks;D:\ritxi\AHOOTSA8\recursos_bailes\datasets_hf\Anne-Charlotte__music\data\katy-perry-fireworks.json;True;D:\ritxi\AHOOTSA8\recursos_bailes\datasets_hf\Anne-Charlotte__music\data\katy-perry-fireworks.ogg
Anne-Charlotte__music;las-ketchup;D:\ritxi\AHOOTSA8\recursos_bailes\datasets_hf\Anne-Charlotte__music\data\las-ketchup.json;True;D:\ritxi\AHOOTSA8\recursos_bailes\datasets_hf\Anne-Charlotte__music\data\las-ketchup.ogg
Anne-Charlotte__music;michael-jackson-thriller-official-video-shortene;D:\ritxi\AHOOTSA8\recursos_bailes\datasets_hf\Anne-Charlotte__music\data\michael-jackson-thriller-official-video-shortene.json;True;D:\ritxi\AHOOTSA8\recursos_bailes\datasets_hf\Anne-Charlotte__music\data\michael-jackson-thriller-official-video-shortene.ogg
Anne-Charlotte__music;michael-jackson-thriller;D:\ritxi\AHOOTSA8\recursos_bailes\datasets_hf\Anne-Charlotte__music\data\michael-jackson-thriller.json;True;D:\ritxi\AHOOTSA8\recursos_bailes\datasets_hf\Anne-Charlotte__music\data\michael-jackson-thriller.ogg
Anne-Charlotte__music;paint-it-black;D:\ritxi\AHOOTSA8\recursos_bailes\datasets_hf\Anne-Charlotte__music\data\paint-it-black.json;True;D:\ritxi\AHOOTSA8\recursos_bailes\datasets_hf\Anne-Charlotte__music\data\paint-it-black.ogg
Anne-Charlotte__music;pharrell-williams-happy;D:\ritxi\AHOOTSA8\recursos_bailes\datasets_hf\Anne-Charlotte__music\data\pharrell-williams-happy.json;True;D:\ritxi\AHOOTSA8\recursos_bailes\datasets_hf\Anne-Charlotte__music\data\pharrell-williams-happy.ogg
Anne-Charlotte__music;queen-we-will-rock-you-official;D:\ritxi\AHOOTSA8\recursos_bailes\datasets_hf\Anne-Charlotte__music\data\queen-we-will-rock-you-official.json;True;D:\ritxi\AHOOTSA8\recursos_bailes\datasets_hf\Anne-Charlotte__music\data\queen-we-will-rock-you-official.ogg
Anne-Charlotte__music;queen-we-will-rock-you;D:\ritxi\AHOOTSA8\recursos_bailes\datasets_hf\Anne-Charlotte__music\data\queen-we-will-rock-you.json;True;D:\ritxi\AHOOTSA8\recursos_bailes\datasets_hf\Anne-Charlotte__music\data\queen-we-will-rock-you.ogg
Anne-Charlotte__music;spice-girls;D:\ritxi\AHOOTSA8\recursos_bailes\datasets_hf\Anne-Charlotte__music\data\spice-girls.json;True;D:\ritxi\AHOOTSA8\recursos_bailes\datasets_hf\Anne-Charlotte__music\data\spice-girls.ogg
Anne-Charlotte__music;the-fratellis-whistle-for-the-choir;D:\ritxi\AHOOTSA8\recursos_bailes\datasets_hf\Anne-Charlotte__music\data\the-fratellis-whistle-for-the-choir.json;True;D:\ritxi\AHOOTSA8\recursos_bailes\datasets_hf\Anne-Charlotte__music\data\the-fratellis-whistle-for-the-choir.ogg
Anne-Charlotte__music;the-white-stripes-seven-nation-army;D:\ritxi\AHOOTSA8\recursos_bailes\datasets_hf\Anne-Charlotte__music\data\the-white-stripes-seven-nation-army.json;True;D:\ritxi\AHOOTSA8\recursos_bailes\datasets_hf\Anne-Charlotte__music\data\the-white-stripes-seven-nation-army.ogg
Anne-Charlotte__pollen-dance;5e877d7d0a996f850f1c6107ffb5245e254dbd9a;D:\ritxi\AHOOTSA8\recursos_bailes\datasets_hf\Anne-Charlotte__pollen-dance\.cache\huggingface\trees\5e877d7d0a996f850f1c6107ffb5245e254dbd9a.json;False;
Anne-Charlotte__pollen-dance;720p-in-the-dark;D:\ritxi\AHOOTSA8\recursos_bailes\datasets_hf\Anne-Charlotte__pollen-dance\data\720p-in-the-dark.json;True;D:\ritxi\AHOOTSA8\recursos_bailes\datasets_hf\Anne-Charlotte__pollen-dance\data\720p-in-the-dark.ogg
Anne-Charlotte__pollen-dance;ghosts-in-my-code;D:\ritxi\AHOOTSA8\recursos_bailes\datasets_hf\Anne-Charlotte__pollen-dance\data\ghosts-in-my-code.json;True;D:\ritxi\AHOOTSA8\recursos_bailes\datasets_hf\Anne-Charlotte__pollen-dance\data\ghosts-in-my-code.ogg
Anne-Charlotte__pollen-dance;little-giant;D:\ritxi\AHOOTSA8\recursos_bailes\datasets_hf\Anne-Charlotte__pollen-dance\data\little-giant.json;True;D:\ritxi\AHOOTSA8\recursos_bailes\datasets_hf\Anne-Charlotte__pollen-dance\data\little-giant.ogg
Anne-Charlotte__pollen-dance;little-robot-level-up;D:\ritxi\AHOOTSA8\recursos_bailes\datasets_hf\Anne-Charlotte__pollen-dance\data\little-robot-level-up.json;True;D:\ritxi\AHOOTSA8\recursos_bailes\datasets_hf\Anne-Charlotte__pollen-dance\data\little-robot-level-up.ogg
Anne-Charlotte__pollen-dance;reachy-halloween;D:\ritxi\AHOOTSA8\recursos_bailes\datasets_hf\Anne-Charlotte__pollen-dance\data\reachy-halloween.json;True;D:\ritxi\AHOOTSA8\recursos_bailes\datasets_hf\Anne-Charlotte__pollen-dance\data\reachy-halloween.ogg
Anne-Charlotte__pollen-dance;reachy-many-me;D:\ritxi\AHOOTSA8\recursos_bailes\datasets_hf\Anne-Charlotte__pollen-dance\data\reachy-many-me.json;True;D:\ritxi\AHOOTSA8\recursos_bailes\datasets_hf\Anne-Charlotte__pollen-dance\data\reachy-many-me.ogg
Anne-Charlotte__pollen-dance;reachy-s-grove;D:\ritxi\AHOOTSA8\recursos_bailes\datasets_hf\Anne-Charlotte__pollen-dance\data\reachy-s-grove.json;True;D:\ritxi\AHOOTSA8\recursos_bailes\datasets_hf\Anne-Charlotte__pollen-dance\data\reachy-s-grove.ogg
Anne-Charlotte__pollen-dance;yo-it-s-your-boy-reachy-mini;D:\ritxi\AHOOTSA8\recursos_bailes\datasets_hf\Anne-Charlotte__pollen-dance\data\yo-it-s-your-boy-reachy-mini.json;True;D:\ritxi\AHOOTSA8\recursos_bailes\datasets_hf\Anne-Charlotte__pollen-dance\data\yo-it-s-your-boy-reachy-mini.ogg
Anne-Charlotte__reachy-songs;1d13e0499b9177d035d25e83ea4420921c58bfb3;D:\ritxi\AHOOTSA8\recursos_bailes\datasets_hf\Anne-Charlotte__reachy-songs\.cache\huggingface\trees\1d13e0499b9177d035d25e83ea4420921c58bfb3.json;False;
Anne-Charlotte__reachy-songs;beethoven;D:\ritxi\AHOOTSA8\recursos_bailes\datasets_hf\Anne-Charlotte__reachy-songs\data\beethoven.json;True;D:\ritxi\AHOOTSA8\recursos_bailes\datasets_hf\Anne-Charlotte__reachy-songs\data\beethoven.ogg
Anne-Charlotte__reachy-songs;bohemian-rhapsody;D:\ritxi\AHOOTSA8\recursos_bailes\datasets_hf\Anne-Charlotte__reachy-songs\data\bohemian-rhapsody.json;True;D:\ritxi\AHOOTSA8\recursos_bailes\datasets_hf\Anne-Charlotte__reachy-songs\data\bohemian-rhapsody.ogg
Anne-Charlotte__reachy-songs;happy-birthday;D:\ritxi\AHOOTSA8\recursos_bailes\datasets_hf\Anne-Charlotte__reachy-songs\data\happy-birthday.json;True;D:\ritxi\AHOOTSA8\recursos_bailes\datasets_hf\Anne-Charlotte__reachy-songs\data\happy-birthday.ogg
Anne-Charlotte__reachy-songs;harry-potter;D:\ritxi\AHOOTSA8\recursos_bailes\datasets_hf\Anne-Charlotte__reachy-songs\data\harry-potter.json;True;D:\ritxi\AHOOTSA8\recursos_bailes\datasets_hf\Anne-Charlotte__reachy-songs\data\harry-potter.ogg
Anne-Charlotte__reachy-songs;pirate-of-caribbean;D:\ritxi\AHOOTSA8\recursos_bailes\datasets_hf\Anne-Charlotte__reachy-songs\data\pirate-of-caribbean.json;True;D:\ritxi\AHOOTSA8\recursos_bailes\datasets_hf\Anne-Charlotte__reachy-songs\data\pirate-of-caribbean.ogg
Anne-Charlotte__reachy-songs;star-wars;D:\ritxi\AHOOTSA8\recursos_bailes\datasets_hf\Anne-Charlotte__reachy-songs\data\star-wars.json;True;D:\ritxi\AHOOTSA8\recursos_bailes\datasets_hf\Anne-Charlotte__reachy-songs\data\star-wars.ogg
Anne-Charlotte__reachy-songs;the-lion-king;D:\ritxi\AHOOTSA8\recursos_bailes\datasets_hf\Anne-Charlotte__reachy-songs\data\the-lion-king.json;True;D:\ritxi\AHOOTSA8\recursos_bailes\datasets_hf\Anne-Charlotte__reachy-songs\data\the-lion-king.ogg
Anne-Charlotte__reachy-songs;titanic;D:\ritxi\AHOOTSA8\recursos_bailes\datasets_hf\Anne-Charlotte__reachy-songs\data\titanic.json;True;D:\ritxi\AHOOTSA8\recursos_bailes\datasets_hf\Anne-Charlotte__reachy-songs\data\titanic.ogg
Anne-Charlotte__reachy-songs;we-wish-you-a-merry-christmas;D:\ritxi\AHOOTSA8\recursos_bailes\datasets_hf\Anne-Charlotte__reachy-songs\data\we-wish-you-a-merry-christmas.json;True;D:\ritxi\AHOOTSA8\recursos_bailes\datasets_hf\Anne-Charlotte__reachy-songs\data\we-wish-you-a-merry-christmas.ogg
Anne-Charlotte__reachy-songs;yesterday;D:\ritxi\AHOOTSA8\recursos_bailes\datasets_hf\Anne-Charlotte__reachy-songs\data\yesterday.json;True;D:\ritxi\AHOOTSA8\recursos_bailes\datasets_hf\Anne-Charlotte__reachy-songs\data\yesterday.ogg
apirrone__marionette-moves;d97420b711853ab698c13b612eb3ee01ad0b317f;D:\ritxi\AHOOTSA8\recursos_bailes\datasets_hf\apirrone__marionette-moves\.cache\huggingface\trees\d97420b711853ab698c13b612eb3ee01ad0b317f.json;False;
apirrone__marionette-moves;secret-dance;D:\ritxi\AHOOTSA8\recursos_bailes\datasets_hf\apirrone__marionette-moves\data\secret-dance.json;True;D:\ritxi\AHOOTSA8\recursos_bailes\datasets_hf\apirrone__marionette-moves\data\secret-dance.wav
pollen-robotics__reachy-mini-dances-library;3564295e72d41c1271f46bf5540a3fcad9d5f669;D:\ritxi\AHOOTSA8\recursos_bailes\datasets_hf\pollen-robotics__reachy-mini-dances-library\.cache\huggingface\trees\3564295e72d41c1271f46bf5540a3fcad9d5f669.json;False;
pollen-robotics__reachy-mini-dances-library;chicken_peck;D:\ritxi\AHOOTSA8\recursos_bailes\datasets_hf\pollen-robotics__reachy-mini-dances-library\chicken_peck.json;False;
pollen-robotics__reachy-mini-dances-library;chin_lead;D:\ritxi\AHOOTSA8\recursos_bailes\datasets_hf\pollen-robotics__reachy-mini-dances-library\chin_lead.json;False;
pollen-robotics__reachy-mini-dances-library;dizzy_spin;D:\ritxi\AHOOTSA8\recursos_bailes\datasets_hf\pollen-robotics__reachy-mini-dances-library\dizzy_spin.json;False;
pollen-robotics__reachy-mini-dances-library;grid_snap;D:\ritxi\AHOOTSA8\recursos_bailes\datasets_hf\pollen-robotics__reachy-mini-dances-library\grid_snap.json;False;
pollen-robotics__reachy-mini-dances-library;groovy_sway_and_roll;D:\ritxi\AHOOTSA8\recursos_bailes\datasets_hf\pollen-robotics__reachy-mini-dances-library\groovy_sway_and_roll.json;False;
pollen-robotics__reachy-mini-dances-library;head_tilt_roll;D:\ritxi\AHOOTSA8\recursos_bailes\datasets_hf\pollen-robotics__reachy-mini-dances-library\head_tilt_roll.json;False;
pollen-robotics__reachy-mini-dances-library;interwoven_spirals;D:\ritxi\AHOOTSA8\recursos_bailes\datasets_hf\pollen-robotics__reachy-mini-dances-library\interwoven_spirals.json;False;
pollen-robotics__reachy-mini-dances-library;jackson_square;D:\ritxi\AHOOTSA8\recursos_bailes\datasets_hf\pollen-robotics__reachy-mini-dances-library\jackson_square.json;False;
pollen-robotics__reachy-mini-dances-library;neck_recoil;D:\ritxi\AHOOTSA8\recursos_bailes\datasets_hf\pollen-robotics__reachy-mini-dances-library\neck_recoil.json;False;
pollen-robotics__reachy-mini-dances-library;pendulum_swing;D:\ritxi\AHOOTSA8\recursos_bailes\datasets_hf\pollen-robotics__reachy-mini-dances-library\pendulum_swing.json;False;
pollen-robotics__reachy-mini-dances-library;polyrhythm_combo;D:\ritxi\AHOOTSA8\recursos_bailes\datasets_hf\pollen-robotics__reachy-mini-dances-library\polyrhythm_combo.json;False;
pollen-robotics__reachy-mini-dances-library;sharp_side_tilt;D:\ritxi\AHOOTSA8\recursos_bailes\datasets_hf\pollen-robotics__reachy-mini-dances-library\sharp_side_tilt.json;False;
pollen-robotics__reachy-mini-dances-library;side_glance_flick;D:\ritxi\AHOOTSA8\recursos_bailes\datasets_hf\pollen-robotics__reachy-mini-dances-library\side_glance_flick.json;False;
pollen-robotics__reachy-mini-dances-library;side_peekaboo;D:\ritxi\AHOOTSA8\recursos_bailes\datasets_hf\pollen-robotics__reachy-mini-dances-library\side_peekaboo.json;False;
pollen-robotics__reachy-mini-dances-library;side_to_side_sway;D:\ritxi\AHOOTSA8\recursos_bailes\datasets_hf\pollen-robotics__reachy-mini-dances-library\side_to_side_sway.json;False;
pollen-robotics__reachy-mini-dances-library;simple_nod;D:\ritxi\AHOOTSA8\recursos_bailes\datasets_hf\pollen-robotics__reachy-mini-dances-library\simple_nod.json;False;
pollen-robotics__reachy-mini-dances-library;stumble_and_recover;D:\ritxi\AHOOTSA8\recursos_bailes\datasets_hf\pollen-robotics__reachy-mini-dances-library\stumble_and_recover.json;False;
pollen-robotics__reachy-mini-dances-library;uh_huh_tilt;D:\ritxi\AHOOTSA8\recursos_bailes\datasets_hf\pollen-robotics__reachy-mini-dances-library\uh_huh_tilt.json;False;
pollen-robotics__reachy-mini-dances-library;yeah_nod;D:\ritxi\AHOOTSA8\recursos_bailes\datasets_hf\pollen-robotics__reachy-mini-dances-library\yeah_nod.json;False;
pollen-robotics__reachy-mini-emotions-library;873ae49f0b89114b7e535eff0c1f7560d21d9357;D:\ritxi\AHOOTSA8\recursos_bailes\datasets_hf\pollen-robotics__reachy-mini-emotions-library\.cache\huggingface\trees\873ae49f0b89114b7e535eff0c1f7560d21d9357.json;False;
pollen-robotics__reachy-mini-emotions-library;amazed1;D:\ritxi\AHOOTSA8\recursos_bailes\datasets_hf\pollen-robotics__reachy-mini-emotions-library\amazed1.json;True;D:\ritxi\AHOOTSA8\recursos_bailes\datasets_hf\pollen-robotics__reachy-mini-emotions-library\amazed1.ogg
pollen-robotics__reachy-mini-emotions-library;anxiety1;D:\ritxi\AHOOTSA8\recursos_bailes\datasets_hf\pollen-robotics__reachy-mini-emotions-library\anxiety1.json;True;D:\ritxi\AHOOTSA8\recursos_bailes\datasets_hf\pollen-robotics__reachy-mini-emotions-library\anxiety1.ogg
pollen-robotics__reachy-mini-emotions-library;attentive1;D:\ritxi\AHOOTSA8\recursos_bailes\datasets_hf\pollen-robotics__reachy-mini-emotions-library\attentive1.json;True;D:\ritxi\AHOOTSA8\recursos_bailes\datasets_hf\pollen-robotics__reachy-mini-emotions-library\attentive1.ogg
pollen-robotics__reachy-mini-emotions-library;attentive2;D:\ritxi\AHOOTSA8\recursos_bailes\datasets_hf\pollen-robotics__reachy-mini-emotions-library\attentive2.json;True;D:\ritxi\AHOOTSA8\recursos_bailes\datasets_hf\pollen-robotics__reachy-mini-emotions-library\attentive2.ogg
pollen-robotics__reachy-mini-emotions-library;boredom1;D:\ritxi\AHOOTSA8\recursos_bailes\datasets_hf\pollen-robotics__reachy-mini-emotions-library\boredom1.json;True;D:\ritxi\AHOOTSA8\recursos_bailes\datasets_hf\pollen-robotics__reachy-mini-emotions-library\boredom1.ogg
pollen-robotics__reachy-mini-emotions-library;boredom2;D:\ritxi\AHOOTSA8\recursos_bailes\datasets_hf\pollen-robotics__reachy-mini-emotions-library\boredom2.json;True;D:\ritxi\AHOOTSA8\recursos_bailes\datasets_hf\pollen-robotics__reachy-mini-emotions-library\boredom2.ogg
pollen-robotics__reachy-mini-emotions-library;calming1;D:\ritxi\AHOOTSA8\recursos_bailes\datasets_hf\pollen-robotics__reachy-mini-emotions-library\calming1.json;True;D:\ritxi\AHOOTSA8\recursos_bailes\datasets_hf\pollen-robotics__reachy-mini-emotions-library\calming1.ogg
pollen-robotics__reachy-mini-emotions-library;cheerful1;D:\ritxi\AHOOTSA8\recursos_bailes\datasets_hf\pollen-robotics__reachy-mini-emotions-library\cheerful1.json;True;D:\ritxi\AHOOTSA8\recursos_bailes\datasets_hf\pollen-robotics__reachy-mini-emotions-library\cheerful1.ogg
pollen-robotics__reachy-mini-emotions-library;come1;D:\ritxi\AHOOTSA8\recursos_bailes\datasets_hf\pollen-robotics__reachy-mini-emotions-library\come1.json;True;D:\ritxi\AHOOTSA8\recursos_bailes\datasets_hf\pollen-robotics__reachy-mini-emotions-library\come1.ogg
pollen-robotics__reachy-mini-emotions-library;confused1;D:\ritxi\AHOOTSA8\recursos_bailes\datasets_hf\pollen-robotics__reachy-mini-emotions-library\confused1.json;True;D:\ritxi\AHOOTSA8\recursos_bailes\datasets_hf\pollen-robotics__reachy-mini-emotions-library\confused1.ogg
pollen-robotics__reachy-mini-emotions-library;contempt1;D:\ritxi\AHOOTSA8\recursos_bailes\datasets_hf\pollen-robotics__reachy-mini-emotions-library\contempt1.json;True;D:\ritxi\AHOOTSA8\recursos_bailes\datasets_hf\pollen-robotics__reachy-mini-emotions-library\contempt1.ogg
pollen-robotics__reachy-mini-emotions-library;curious1;D:\ritxi\AHOOTSA8\recursos_bailes\datasets_hf\pollen-robotics__reachy-mini-emotions-library\curious1.json;True;D:\ritxi\AHOOTSA8\recursos_bailes\datasets_hf\pollen-robotics__reachy-mini-emotions-library\curious1.ogg
pollen-robotics__reachy-mini-emotions-library;dance1;D:\ritxi\AHOOTSA8\recursos_bailes\datasets_hf\pollen-robotics__reachy-mini-emotions-library\dance1.json;True;D:\ritxi\AHOOTSA8\recursos_bailes\datasets_hf\pollen-robotics__reachy-mini-emotions-library\dance1.ogg
pollen-robotics__reachy-mini-emotions-library;dance2;D:\ritxi\AHOOTSA8\recursos_bailes\datasets_hf\pollen-robotics__reachy-mini-emotions-library\dance2.json;True;D:\ritxi\AHOOTSA8\recursos_bailes\datasets_hf\pollen-robotics__reachy-mini-emotions-library\dance2.ogg
pollen-robotics__reachy-mini-emotions-library;dance3;D:\ritxi\AHOOTSA8\recursos_bailes\datasets_hf\pollen-robotics__reachy-mini-emotions-library\dance3.json;True;D:\ritxi\AHOOTSA8\recursos_bailes\datasets_hf\pollen-robotics__reachy-mini-emotions-library\dance3.ogg
pollen-robotics__reachy-mini-emotions-library;disgusted1;D:\ritxi\AHOOTSA8\recursos_bailes\datasets_hf\pollen-robotics__reachy-mini-emotions-library\disgusted1.json;True;D:\ritxi\AHOOTSA8\recursos_bailes\datasets_hf\pollen-robotics__reachy-mini-emotions-library\disgusted1.ogg
pollen-robotics__reachy-mini-emotions-library;displeased1;D:\ritxi\AHOOTSA8\recursos_bailes\datasets_hf\pollen-robotics__reachy-mini-emotions-library\displeased1.json;True;D:\ritxi\AHOOTSA8\recursos_bailes\datasets_hf\pollen-robotics__reachy-mini-emotions-library\displeased1.ogg
pollen-robotics__reachy-mini-emotions-library;displeased2;D:\ritxi\AHOOTSA8\recursos_bailes\datasets_hf\pollen-robotics__reachy-mini-emotions-library\displeased2.json;True;D:\ritxi\AHOOTSA8\recursos_bailes\datasets_hf\pollen-robotics__reachy-mini-emotions-library\displeased2.ogg
pollen-robotics__reachy-mini-emotions-library;downcast1;D:\ritxi\AHOOTSA8\recursos_bailes\datasets_hf\pollen-robotics__reachy-mini-emotions-library\downcast1.json;True;D:\ritxi\AHOOTSA8\recursos_bailes\datasets_hf\pollen-robotics__reachy-mini-emotions-library\downcast1.ogg
pollen-robotics__reachy-mini-emotions-library;dying1;D:\ritxi\AHOOTSA8\recursos_bailes\datasets_hf\pollen-robotics__reachy-mini-emotions-library\dying1.json;True;D:\ritxi\AHOOTSA8\recursos_bailes\datasets_hf\pollen-robotics__reachy-mini-emotions-library\dying1.ogg
pollen-robotics__reachy-mini-emotions-library;electric1;D:\ritxi\AHOOTSA8\recursos_bailes\datasets_hf\pollen-robotics__reachy-mini-emotions-library\electric1.json;True;D:\ritxi\AHOOTSA8\recursos_bailes\datasets_hf\pollen-robotics__reachy-mini-emotions-library\electric1.ogg
pollen-robotics__reachy-mini-emotions-library;enthusiastic1;D:\ritxi\AHOOTSA8\recursos_bailes\datasets_hf\pollen-robotics__reachy-mini-emotions-library\enthusiastic1.json;True;D:\ritxi\AHOOTSA8\recursos_bailes\datasets_hf\pollen-robotics__reachy-mini-emotions-library\enthusiastic1.ogg
pollen-robotics__reachy-mini-emotions-library;enthusiastic2;D:\ritxi\AHOOTSA8\recursos_bailes\datasets_hf\pollen-robotics__reachy-mini-emotions-library\enthusiastic2.json;True;D:\ritxi\AHOOTSA8\recursos_bailes\datasets_hf\pollen-robotics__reachy-mini-emotions-library\enthusiastic2.ogg
pollen-robotics__reachy-mini-emotions-library;exhausted1;D:\ritxi\AHOOTSA8\recursos_bailes\datasets_hf\pollen-robotics__reachy-mini-emotions-library\exhausted1.json;True;D:\ritxi\AHOOTSA8\recursos_bailes\datasets_hf\pollen-robotics__reachy-mini-emotions-library\exhausted1.ogg
pollen-robotics__reachy-mini-emotions-library;fear1;D:\ritxi\AHOOTSA8\recursos_bailes\datasets_hf\pollen-robotics__reachy-mini-emotions-library\fear1.json;True;D:\ritxi\AHOOTSA8\recursos_bailes\datasets_hf\pollen-robotics__reachy-mini-emotions-library\fear1.ogg
pollen-robotics__reachy-mini-emotions-library;frustrated1;D:\ritxi\AHOOTSA8\recursos_bailes\datasets_hf\pollen-robotics__reachy-mini-emotions-library\frustrated1.json;True;D:\ritxi\AHOOTSA8\recursos_bailes\datasets_hf\pollen-robotics__reachy-mini-emotions-library\frustrated1.ogg
pollen-robotics__reachy-mini-emotions-library;furious1;D:\ritxi\AHOOTSA8\recursos_bailes\datasets_hf\pollen-robotics__reachy-mini-emotions-library\furious1.json;True;D:\ritxi\AHOOTSA8\recursos_bailes\datasets_hf\pollen-robotics__reachy-mini-emotions-library\furious1.ogg
pollen-robotics__reachy-mini-emotions-library;go_away1;D:\ritxi\AHOOTSA8\recursos_bailes\datasets_hf\pollen-robotics__reachy-mini-emotions-library\go_away1.json;True;D:\ritxi\AHOOTSA8\recursos_bailes\datasets_hf\pollen-robotics__reachy-mini-emotions-library\go_away1.ogg
pollen-robotics__reachy-mini-emotions-library;grateful1;D:\ritxi\AHOOTSA8\recursos_bailes\datasets_hf\pollen-robotics__reachy-mini-emotions-library\grateful1.json;True;D:\ritxi\AHOOTSA8\recursos_bailes\datasets_hf\pollen-robotics__reachy-mini-emotions-library\grateful1.ogg
pollen-robotics__reachy-mini-emotions-library;helpful1;D:\ritxi\AHOOTSA8\recursos_bailes\datasets_hf\pollen-robotics__reachy-mini-emotions-library\helpful1.json;True;D:\ritxi\AHOOTSA8\recursos_bailes\datasets_hf\pollen-robotics__reachy-mini-emotions-library\helpful1.ogg
pollen-robotics__reachy-mini-emotions-library;helpful2;D:\ritxi\AHOOTSA8\recursos_bailes\datasets_hf\pollen-robotics__reachy-mini-emotions-library\helpful2.json;True;D:\ritxi\AHOOTSA8\recursos_bailes\datasets_hf\pollen-robotics__reachy-mini-emotions-library\helpful2.ogg
pollen-robotics__reachy-mini-emotions-library;impatient1;D:\ritxi\AHOOTSA8\recursos_bailes\datasets_hf\pollen-robotics__reachy-mini-emotions-library\impatient1.json;True;D:\ritxi\AHOOTSA8\recursos_bailes\datasets_hf\pollen-robotics__reachy-mini-emotions-library\impatient1.ogg
pollen-robotics__reachy-mini-emotions-library;impatient2;D:\ritxi\AHOOTSA8\recursos_bailes\datasets_hf\pollen-robotics__reachy-mini-emotions-library\impatient2.json;True;D:\ritxi\AHOOTSA8\recursos_bailes\datasets_hf\pollen-robotics__reachy-mini-emotions-library\impatient2.ogg
pollen-robotics__reachy-mini-emotions-library;incomprehensible2;D:\ritxi\AHOOTSA8\recursos_bailes\datasets_hf\pollen-robotics__reachy-mini-emotions-library\incomprehensible2.json;True;D:\ritxi\AHOOTSA8\recursos_bailes\datasets_hf\pollen-robotics__reachy-mini-emotions-library\incomprehensible2.ogg
pollen-robotics__reachy-mini-emotions-library;indifferent1;D:\ritxi\AHOOTSA8\recursos_bailes\datasets_hf\pollen-robotics__reachy-mini-emotions-library\indifferent1.json;True;D:\ritxi\AHOOTSA8\recursos_bailes\datasets_hf\pollen-robotics__reachy-mini-emotions-library\indifferent1.ogg
pollen-robotics__reachy-mini-emotions-library;inquiring1;D:\ritxi\AHOOTSA8\recursos_bailes\datasets_hf\pollen-robotics__reachy-mini-emotions-library\inquiring1.json;True;D:\ritxi\AHOOTSA8\recursos_bailes\datasets_hf\pollen-robotics__reachy-mini-emotions-library\inquiring1.ogg
pollen-robotics__reachy-mini-emotions-library;inquiring2;D:\ritxi\AHOOTSA8\recursos_bailes\datasets_hf\pollen-robotics__reachy-mini-emotions-library\inquiring2.json;True;D:\ritxi\AHOOTSA8\recursos_bailes\datasets_hf\pollen-robotics__reachy-mini-emotions-library\inquiring2.ogg
pollen-robotics__reachy-mini-emotions-library;inquiring3;D:\ritxi\AHOOTSA8\recursos_bailes\datasets_hf\pollen-robotics__reachy-mini-emotions-library\inquiring3.json;True;D:\ritxi\AHOOTSA8\recursos_bailes\datasets_hf\pollen-robotics__reachy-mini-emotions-library\inquiring3.ogg
pollen-robotics__reachy-mini-emotions-library;irritated1;D:\ritxi\AHOOTSA8\recursos_bailes\datasets_hf\pollen-robotics__reachy-mini-emotions-library\irritated1.json;True;D:\ritxi\AHOOTSA8\recursos_bailes\datasets_hf\pollen-robotics__reachy-mini-emotions-library\irritated1.ogg
pollen-robotics__reachy-mini-emotions-library;irritated2;D:\ritxi\AHOOTSA8\recursos_bailes\datasets_hf\pollen-robotics__reachy-mini-emotions-library\irritated2.json;True;D:\ritxi\AHOOTSA8\recursos_bailes\datasets_hf\pollen-robotics__reachy-mini-emotions-library\irritated2.ogg
pollen-robotics__reachy-mini-emotions-library;laughing1;D:\ritxi\AHOOTSA8\recursos_bailes\datasets_hf\pollen-robotics__reachy-mini-emotions-library\laughing1.json;True;D:\ritxi\AHOOTSA8\recursos_bailes\datasets_hf\pollen-robotics__reachy-mini-emotions-library\laughing1.ogg
pollen-robotics__reachy-mini-emotions-library;laughing2;D:\ritxi\AHOOTSA8\recursos_bailes\datasets_hf\pollen-robotics__reachy-mini-emotions-library\laughing2.json;True;D:\ritxi\AHOOTSA8\recursos_bailes\datasets_hf\pollen-robotics__reachy-mini-emotions-library\laughing2.ogg
pollen-robotics__reachy-mini-emotions-library;lonely1;D:\ritxi\AHOOTSA8\recursos_bailes\datasets_hf\pollen-robotics__reachy-mini-emotions-library\lonely1.json;True;D:\ritxi\AHOOTSA8\recursos_bailes\datasets_hf\pollen-robotics__reachy-mini-emotions-library\lonely1.ogg
pollen-robotics__reachy-mini-emotions-library;lost1;D:\ritxi\AHOOTSA8\recursos_bailes\datasets_hf\pollen-robotics__reachy-mini-emotions-library\lost1.json;True;D:\ritxi\AHOOTSA8\recursos_bailes\datasets_hf\pollen-robotics__reachy-mini-emotions-library\lost1.ogg
pollen-robotics__reachy-mini-emotions-library;loving1;D:\ritxi\AHOOTSA8\recursos_bailes\datasets_hf\pollen-robotics__reachy-mini-emotions-library\loving1.json;True;D:\ritxi\AHOOTSA8\recursos_bailes\datasets_hf\pollen-robotics__reachy-mini-emotions-library\loving1.ogg
pollen-robotics__reachy-mini-emotions-library;mini-deep-sleep;D:\ritxi\AHOOTSA8\recursos_bailes\datasets_hf\pollen-robotics__reachy-mini-emotions-library\mini-deep-sleep.json;True;D:\ritxi\AHOOTSA8\recursos_bailes\datasets_hf\pollen-robotics__reachy-mini-emotions-library\mini-deep-sleep.ogg
pollen-robotics__reachy-mini-emotions-library;no1;D:\ritxi\AHOOTSA8\recursos_bailes\datasets_hf\pollen-robotics__reachy-mini-emotions-library\no1.json;True;D:\ritxi\AHOOTSA8\recursos_bailes\datasets_hf\pollen-robotics__reachy-mini-emotions-library\no1.ogg
pollen-robotics__reachy-mini-emotions-library;no_excited1;D:\ritxi\AHOOTSA8\recursos_bailes\datasets_hf\pollen-robotics__reachy-mini-emotions-library\no_excited1.json;True;D:\ritxi\AHOOTSA8\recursos_bailes\datasets_hf\pollen-robotics__reachy-mini-emotions-library\no_excited1.ogg
pollen-robotics__reachy-mini-emotions-library;no_sad1;D:\ritxi\AHOOTSA8\recursos_bailes\datasets_hf\pollen-robotics__reachy-mini-emotions-library\no_sad1.json;True;D:\ritxi\AHOOTSA8\recursos_bailes\datasets_hf\pollen-robotics__reachy-mini-emotions-library\no_sad1.ogg
pollen-robotics__reachy-mini-emotions-library;oops1;D:\ritxi\AHOOTSA8\recursos_bailes\datasets_hf\pollen-robotics__reachy-mini-emotions-library\oops1.json;True;D:\ritxi\AHOOTSA8\recursos_bailes\datasets_hf\pollen-robotics__reachy-mini-emotions-library\oops1.ogg
pollen-robotics__reachy-mini-emotions-library;oops2;D:\ritxi\AHOOTSA8\recursos_bailes\datasets_hf\pollen-robotics__reachy-mini-emotions-library\oops2.json;True;D:\ritxi\AHOOTSA8\recursos_bailes\datasets_hf\pollen-robotics__reachy-mini-emotions-library\oops2.ogg
pollen-robotics__reachy-mini-emotions-library;proud1;D:\ritxi\AHOOTSA8\recursos_bailes\datasets_hf\pollen-robotics__reachy-mini-emotions-library\proud1.json;True;D:\ritxi\AHOOTSA8\recursos_bailes\datasets_hf\pollen-robotics__reachy-mini-emotions-library\proud1.ogg
pollen-robotics__reachy-mini-emotions-library;proud2;D:\ritxi\AHOOTSA8\recursos_bailes\datasets_hf\pollen-robotics__reachy-mini-emotions-library\proud2.json;True;D:\ritxi\AHOOTSA8\recursos_bailes\datasets_hf\pollen-robotics__reachy-mini-emotions-library\proud2.ogg
pollen-robotics__reachy-mini-emotions-library;proud3;D:\ritxi\AHOOTSA8\recursos_bailes\datasets_hf\pollen-robotics__reachy-mini-emotions-library\proud3.json;True;D:\ritxi\AHOOTSA8\recursos_bailes\datasets_hf\pollen-robotics__reachy-mini-emotions-library\proud3.ogg
pollen-robotics__reachy-mini-emotions-library;rage1;D:\ritxi\AHOOTSA8\recursos_bailes\datasets_hf\pollen-robotics__reachy-mini-emotions-library\rage1.json;True;D:\ritxi\AHOOTSA8\recursos_bailes\datasets_hf\pollen-robotics__reachy-mini-emotions-library\rage1.ogg
pollen-robotics__reachy-mini-emotions-library;relief1;D:\ritxi\AHOOTSA8\recursos_bailes\datasets_hf\pollen-robotics__reachy-mini-emotions-library\relief1.json;True;D:\ritxi\AHOOTSA8\recursos_bailes\datasets_hf\pollen-robotics__reachy-mini-emotions-library\relief1.ogg
pollen-robotics__reachy-mini-emotions-library;relief2;D:\ritxi\AHOOTSA8\recursos_bailes\datasets_hf\pollen-robotics__reachy-mini-emotions-library\relief2.json;True;D:\ritxi\AHOOTSA8\recursos_bailes\datasets_hf\pollen-robotics__reachy-mini-emotions-library\relief2.ogg
pollen-robotics__reachy-mini-emotions-library;reprimand1;D:\ritxi\AHOOTSA8\recursos_bailes\datasets_hf\pollen-robotics__reachy-mini-emotions-library\reprimand1.json;True;D:\ritxi\AHOOTSA8\recursos_bailes\datasets_hf\pollen-robotics__reachy-mini-emotions-library\reprimand1.ogg
pollen-robotics__reachy-mini-emotions-library;reprimand2;D:\ritxi\AHOOTSA8\recursos_bailes\datasets_hf\pollen-robotics__reachy-mini-emotions-library\reprimand2.json;True;D:\ritxi\AHOOTSA8\recursos_bailes\datasets_hf\pollen-robotics__reachy-mini-emotions-library\reprimand2.ogg
pollen-robotics__reachy-mini-emotions-library;reprimand3;D:\ritxi\AHOOTSA8\recursos_bailes\datasets_hf\pollen-robotics__reachy-mini-emotions-library\reprimand3.json;True;D:\ritxi\AHOOTSA8\recursos_bailes\datasets_hf\pollen-robotics__reachy-mini-emotions-library\reprimand3.ogg
pollen-robotics__reachy-mini-emotions-library;resigned1;D:\ritxi\AHOOTSA8\recursos_bailes\datasets_hf\pollen-robotics__reachy-mini-emotions-library\resigned1.json;True;D:\ritxi\AHOOTSA8\recursos_bailes\datasets_hf\pollen-robotics__reachy-mini-emotions-library\resigned1.ogg
pollen-robotics__reachy-mini-emotions-library;sad1;D:\ritxi\AHOOTSA8\recursos_bailes\datasets_hf\pollen-robotics__reachy-mini-emotions-library\sad1.json;True;D:\ritxi\AHOOTSA8\recursos_bailes\datasets_hf\pollen-robotics__reachy-mini-emotions-library\sad1.ogg
pollen-robotics__reachy-mini-emotions-library;sad2;D:\ritxi\AHOOTSA8\recursos_bailes\datasets_hf\pollen-robotics__reachy-mini-emotions-library\sad2.json;True;D:\ritxi\AHOOTSA8\recursos_bailes\datasets_hf\pollen-robotics__reachy-mini-emotions-library\sad2.ogg
pollen-robotics__reachy-mini-emotions-library;scared1;D:\ritxi\AHOOTSA8\recursos_bailes\datasets_hf\pollen-robotics__reachy-mini-emotions-library\scared1.json;True;D:\ritxi\AHOOTSA8\recursos_bailes\datasets_hf\pollen-robotics__reachy-mini-emotions-library\scared1.ogg
pollen-robotics__reachy-mini-emotions-library;serenity1;D:\ritxi\AHOOTSA8\recursos_bailes\datasets_hf\pollen-robotics__reachy-mini-emotions-library\serenity1.json;True;D:\ritxi\AHOOTSA8\recursos_bailes\datasets_hf\pollen-robotics__reachy-mini-emotions-library\serenity1.ogg
pollen-robotics__reachy-mini-emotions-library;shy1;D:\ritxi\AHOOTSA8\recursos_bailes\datasets_hf\pollen-robotics__reachy-mini-emotions-library\shy1.json;True;D:\ritxi\AHOOTSA8\recursos_bailes\datasets_hf\pollen-robotics__reachy-mini-emotions-library\shy1.ogg
pollen-robotics__reachy-mini-emotions-library;sleep1;D:\ritxi\AHOOTSA8\recursos_bailes\datasets_hf\pollen-robotics__reachy-mini-emotions-library\sleep1.json;True;D:\ritxi\AHOOTSA8\recursos_bailes\datasets_hf\pollen-robotics__reachy-mini-emotions-library\sleep1.ogg
pollen-robotics__reachy-mini-emotions-library;success1;D:\ritxi\AHOOTSA8\recursos_bailes\datasets_hf\pollen-robotics__reachy-mini-emotions-library\success1.json;True;D:\ritxi\AHOOTSA8\recursos_bailes\datasets_hf\pollen-robotics__reachy-mini-emotions-library\success1.ogg
pollen-robotics__reachy-mini-emotions-library;success2;D:\ritxi\AHOOTSA8\recursos_bailes\datasets_hf\pollen-robotics__reachy-mini-emotions-library\success2.json;True;D:\ritxi\AHOOTSA8\recursos_bailes\datasets_hf\pollen-robotics__reachy-mini-emotions-library\success2.ogg
pollen-robotics__reachy-mini-emotions-library;surprised1;D:\ritxi\AHOOTSA8\recursos_bailes\datasets_hf\pollen-robotics__reachy-mini-emotions-library\surprised1.json;True;D:\ritxi\AHOOTSA8\recursos_bailes\datasets_hf\pollen-robotics__reachy-mini-emotions-library\surprised1.ogg
pollen-robotics__reachy-mini-emotions-library;surprised2;D:\ritxi\AHOOTSA8\recursos_bailes\datasets_hf\pollen-robotics__reachy-mini-emotions-library\surprised2.json;True;D:\ritxi\AHOOTSA8\recursos_bailes\datasets_hf\pollen-robotics__reachy-mini-emotions-library\surprised2.ogg
pollen-robotics__reachy-mini-emotions-library;thoughtful1;D:\ritxi\AHOOTSA8\recursos_bailes\datasets_hf\pollen-robotics__reachy-mini-emotions-library\thoughtful1.json;True;D:\ritxi\AHOOTSA8\recursos_bailes\datasets_hf\pollen-robotics__reachy-mini-emotions-library\thoughtful1.ogg
pollen-robotics__reachy-mini-emotions-library;thoughtful2;D:\ritxi\AHOOTSA8\recursos_bailes\datasets_hf\pollen-robotics__reachy-mini-emotions-library\thoughtful2.json;True;D:\ritxi\AHOOTSA8\recursos_bailes\datasets_hf\pollen-robotics__reachy-mini-emotions-library\thoughtful2.ogg
pollen-robotics__reachy-mini-emotions-library;tired1;D:\ritxi\AHOOTSA8\recursos_bailes\datasets_hf\pollen-robotics__reachy-mini-emotions-library\tired1.json;True;D:\ritxi\AHOOTSA8\recursos_bailes\datasets_hf\pollen-robotics__reachy-mini-emotions-library\tired1.ogg
pollen-robotics__reachy-mini-emotions-library;toc-toc-toc;D:\ritxi\AHOOTSA8\recursos_bailes\datasets_hf\pollen-robotics__reachy-mini-emotions-library\toc-toc-toc.json;True;D:\ritxi\AHOOTSA8\recursos_bailes\datasets_hf\pollen-robotics__reachy-mini-emotions-library\toc-toc-toc.ogg
pollen-robotics__reachy-mini-emotions-library;uncertain1;D:\ritxi\AHOOTSA8\recursos_bailes\datasets_hf\pollen-robotics__reachy-mini-emotions-library\uncertain1.json;True;D:\ritxi\AHOOTSA8\recursos_bailes\datasets_hf\pollen-robotics__reachy-mini-emotions-library\uncertain1.ogg
pollen-robotics__reachy-mini-emotions-library;uncomfortable1;D:\ritxi\AHOOTSA8\recursos_bailes\datasets_hf\pollen-robotics__reachy-mini-emotions-library\uncomfortable1.json;True;D:\ritxi\AHOOTSA8\recursos_bailes\datasets_hf\pollen-robotics__reachy-mini-emotions-library\uncomfortable1.ogg
pollen-robotics__reachy-mini-emotions-library;understanding1;D:\ritxi\AHOOTSA8\recursos_bailes\datasets_hf\pollen-robotics__reachy-mini-emotions-library\understanding1.json;True;D:\ritxi\AHOOTSA8\recursos_bailes\datasets_hf\pollen-robotics__reachy-mini-emotions-library\understanding1.ogg
pollen-robotics__reachy-mini-emotions-library;understanding2;D:\ritxi\AHOOTSA8\recursos_bailes\datasets_hf\pollen-robotics__reachy-mini-emotions-library\understanding2.json;True;D:\ritxi\AHOOTSA8\recursos_bailes\datasets_hf\pollen-robotics__reachy-mini-emotions-library\understanding2.ogg
pollen-robotics__reachy-mini-emotions-library;waiting;D:\ritxi\AHOOTSA8\recursos_bailes\datasets_hf\pollen-robotics__reachy-mini-emotions-library\waiting.json;False;
pollen-robotics__reachy-mini-emotions-library;wake-mini-up;D:\ritxi\AHOOTSA8\recursos_bailes\datasets_hf\pollen-robotics__reachy-mini-emotions-library\wake-mini-up.json;True;D:\ritxi\AHOOTSA8\recursos_bailes\datasets_hf\pollen-robotics__reachy-mini-emotions-library\wake-mini-up.ogg
pollen-robotics__reachy-mini-emotions-library;welcoming1;D:\ritxi\AHOOTSA8\recursos_bailes\datasets_hf\pollen-robotics__reachy-mini-emotions-library\welcoming1.json;True;D:\ritxi\AHOOTSA8\recursos_bailes\datasets_hf\pollen-robotics__reachy-mini-emotions-library\welcoming1.ogg
pollen-robotics__reachy-mini-emotions-library;welcoming2;D:\ritxi\AHOOTSA8\recursos_bailes\datasets_hf\pollen-robotics__reachy-mini-emotions-library\welcoming2.json;True;D:\ritxi\AHOOTSA8\recursos_bailes\datasets_hf\pollen-robotics__reachy-mini-emotions-library\welcoming2.ogg
pollen-robotics__reachy-mini-emotions-library;yes1;D:\ritxi\AHOOTSA8\recursos_bailes\datasets_hf\pollen-robotics__reachy-mini-emotions-library\yes1.json;True;D:\ritxi\AHOOTSA8\recursos_bailes\datasets_hf\pollen-robotics__reachy-mini-emotions-library\yes1.ogg
pollen-robotics__reachy-mini-emotions-library;yes_sad1;D:\ritxi\AHOOTSA8\recursos_bailes\datasets_hf\pollen-robotics__reachy-mini-emotions-library\yes_sad1.json;True;D:\ritxi\AHOOTSA8\recursos_bailes\datasets_hf\pollen-robotics__reachy-mini-emotions-library\yes_sad1.ogg
ShivanshVikram__happy-dance;fecbbfb3a0b466c8d07e7c8a72ebc01ec7264389;D:\ritxi\AHOOTSA8\recursos_bailes\datasets_hf\ShivanshVikram__happy-dance\.cache\huggingface\trees\fecbbfb3a0b466c8d07e7c8a72ebc01ec7264389.json;False;
ShivanshVikram__happy-dance;attention-1;D:\ritxi\AHOOTSA8\recursos_bailes\datasets_hf\ShivanshVikram__happy-dance\data\attention-1.json;True;D:\ritxi\AHOOTSA8\recursos_bailes\datasets_hf\ShivanshVikram__happy-dance\data\attention-1.wav
ShivanshVikram__happy-dance;attention-2;D:\ritxi\AHOOTSA8\recursos_bailes\datasets_hf\ShivanshVikram__happy-dance\data\attention-2.json;True;D:\ritxi\AHOOTSA8\recursos_bailes\datasets_hf\ShivanshVikram__happy-dance\data\attention-2.wav
ShivanshVikram__happy-dance;attention-3;D:\ritxi\AHOOTSA8\recursos_bailes\datasets_hf\ShivanshVikram__happy-dance\data\attention-3.json;True;D:\ritxi\AHOOTSA8\recursos_bailes\datasets_hf\ShivanshVikram__happy-dance\data\attention-3.wav
ShivanshVikram__happy-dance;attention;D:\ritxi\AHOOTSA8\recursos_bailes\datasets_hf\ShivanshVikram__happy-dance\data\attention.json;False;
