"Dataset";"Movimiento"
"Anne-Charlotte/music";"beyonce-single-ladies"
"Anne-Charlotte/music";"demon-hunters-1"
"Anne-Charlotte/music";"eagles-hotel-california"
"Anne-Charlotte/music";"eminem-lose-yourself"
"Anne-Charlotte/music";"feel-the-magic-in-the-air"
"Anne-Charlotte/music";"katy-perry-fireworks"
"Anne-Charlotte/music";"las-ketchup"
"Anne-Charlotte/music";"michael-jackson-thriller"
"Anne-Charlotte/music";"michael-jackson-thriller-official-video-shortene"
"Anne-Charlotte/music";"paint-it-black"
"Anne-Charlotte/music";"pharrell-williams-happy"
"Anne-Charlotte/music";"queen-we-will-rock-you"
"Anne-Charlotte/music";"queen-we-will-rock-you-official"
"Anne-Charlotte/music";"spice-girls"
"Anne-Charlotte/music";"the-fratellis-whistle-for-the-choir"
"Anne-Charlotte/music";"the-white-stripes-seven-nation-army"
"Anne-Charlotte/pollen-dance";"720p-in-the-dark"
"Anne-Charlotte/pollen-dance";"ghosts-in-my-code"
"Anne-Charlotte/pollen-dance";"little-giant"
"Anne-Charlotte/pollen-dance";"little-robot-level-up"
"Anne-Charlotte/pollen-dance";"reachy-halloween"
"Anne-Charlotte/pollen-dance";"reachy-many-me"
"Anne-Charlotte/pollen-dance";"reachy-s-grove"
"Anne-Charlotte/pollen-dance";"yo-it-s-your-boy-reachy-mini"
"Anne-Charlotte/reachy-songs";"beethoven"
"Anne-Charlotte/reachy-songs";"bohemian-rhapsody"
"Anne-Charlotte/reachy-songs";"happy-birthday"
"Anne-Charlotte/reachy-songs";"harry-potter"
"Anne-Charlotte/reachy-songs";"pirate-of-caribbean"
"Anne-Charlotte/reachy-songs";"star-wars"
"Anne-Charlotte/reachy-songs";"the-lion-king"
"Anne-Charlotte/reachy-songs";"titanic"
"Anne-Charlotte/reachy-songs";"we-wish-you-a-merry-christmas"
"Anne-Charlotte/reachy-songs";"yesterday"
"apirrone/marionette-moves";"secret-dance"
"pollen-robotics/reachy-mini-dances-library";"chicken_peck"
"pollen-robotics/reachy-mini-dances-library";"chin_lead"
"pollen-robotics/reachy-mini-dances-library";"dizzy_spin"
"pollen-robotics/reachy-mini-dances-library";"grid_snap"
"pollen-robotics/reachy-mini-dances-library";"groovy_sway_and_roll"
"pollen-robotics/reachy-mini-dances-library";"head_tilt_roll"
"pollen-robotics/reachy-mini-dances-library";"interwoven_spirals"
"pollen-robotics/reachy-mini-dances-library";"jackson_square"
"pollen-robotics/reachy-mini-dances-library";"neck_recoil"
"pollen-robotics/reachy-mini-dances-library";"pendulum_swing"
"pollen-robotics/reachy-mini-dances-library";"polyrhythm_combo"
"pollen-robotics/reachy-mini-dances-library";"sharp_side_tilt"
"pollen-robotics/reachy-mini-dances-library";"side_glance_flick"
"pollen-robotics/reachy-mini-dances-library";"side_peekaboo"
"pollen-robotics/reachy-mini-dances-library";"side_to_side_sway"
"pollen-robotics/reachy-mini-dances-library";"simple_nod"
"pollen-robotics/reachy-mini-dances-library";"stumble_and_recover"
"pollen-robotics/reachy-mini-dances-library";"uh_huh_tilt"
"pollen-robotics/reachy-mini-dances-library";"yeah_nod"
"pollen-robotics/reachy-mini-emotions-library";"amazed1"
"pollen-robotics/reachy-mini-emotions-library";"anxiety1"
"pollen-robotics/reachy-mini-emotions-library";"attentive1"
"pollen-robotics/reachy-mini-emotions-library";"attentive2"
"pollen-robotics/reachy-mini-emotions-library";"boredom1"
"pollen-robotics/reachy-mini-emotions-library";"boredom2"
"pollen-robotics/reachy-mini-emotions-library";"calming1"
"pollen-robotics/reachy-mini-emotions-library";"cheerful1"
"pollen-robotics/reachy-mini-emotions-library";"come1"
"pollen-robotics/reachy-mini-emotions-library";"confused1"
"pollen-robotics/reachy-mini-emotions-library";"contempt1"
"pollen-robotics/reachy-mini-emotions-library";"curious1"
"pollen-robotics/reachy-mini-emotions-library";"dance1"
"pollen-robotics/reachy-mini-emotions-library";"dance2"
"pollen-robotics/reachy-mini-emotions-library";"dance3"
"pollen-robotics/reachy-mini-emotions-library";"disgusted1"
"pollen-robotics/reachy-mini-emotions-library";"displeased1"
"pollen-robotics/reachy-mini-emotions-library";"displeased2"
"pollen-robotics/reachy-mini-emotions-library";"downcast1"
"pollen-robotics/reachy-mini-emotions-library";"dying1"
"pollen-robotics/reachy-mini-emotions-library";"electric1"
"pollen-robotics/reachy-mini-emotions-library";"enthusiastic1"
"pollen-robotics/reachy-mini-emotions-library";"enthusiastic2"
"pollen-robotics/reachy-mini-emotions-library";"exhausted1"
"pollen-robotics/reachy-mini-emotions-library";"fear1"
"pollen-robotics/reachy-mini-emotions-library";"frustrated1"
"pollen-robotics/reachy-mini-emotions-library";"furious1"
"pollen-robotics/reachy-mini-emotions-library";"go_away1"
"pollen-robotics/reachy-mini-emotions-library";"grateful1"
"pollen-robotics/reachy-mini-emotions-library";"helpful1"
"pollen-robotics/reachy-mini-emotions-library";"helpful2"
"pollen-robotics/reachy-mini-emotions-library";"impatient1"
"pollen-robotics/reachy-mini-emotions-library";"impatient2"
"pollen-robotics/reachy-mini-emotions-library";"incomprehensible2"
"pollen-robotics/reachy-mini-emotions-library";"indifferent1"
"pollen-robotics/reachy-mini-emotions-library";"inquiring1"
"pollen-robotics/reachy-mini-emotions-library";"inquiring2"
"pollen-robotics/reachy-mini-emotions-library";"inquiring3"
"pollen-robotics/reachy-mini-emotions-library";"irritated1"
"pollen-robotics/reachy-mini-emotions-library";"irritated2"
"pollen-robotics/reachy-mini-emotions-library";"laughing1"
"pollen-robotics/reachy-mini-emotions-library";"laughing2"
"pollen-robotics/reachy-mini-emotions-library";"lonely1"
"pollen-robotics/reachy-mini-emotions-library";"lost1"
"pollen-robotics/reachy-mini-emotions-library";"loving1"
"pollen-robotics/reachy-mini-emotions-library";"mini-deep-sleep"
"pollen-robotics/reachy-mini-emotions-library";"no_excited1"
"pollen-robotics/reachy-mini-emotions-library";"no_sad1"
"pollen-robotics/reachy-mini-emotions-library";"no1"
"pollen-robotics/reachy-mini-emotions-library";"oops1"
"pollen-robotics/reachy-mini-emotions-library";"oops2"
"pollen-robotics/reachy-mini-emotions-library";"proud1"
"pollen-robotics/reachy-mini-emotions-library";"proud2"
"pollen-robotics/reachy-mini-emotions-library";"proud3"
"pollen-robotics/reachy-mini-emotions-library";"rage1"
"pollen-robotics/reachy-mini-emotions-library";"relief1"
"pollen-robotics/reachy-mini-emotions-library";"relief2"
"pollen-robotics/reachy-mini-emotions-library";"reprimand1"
"pollen-robotics/reachy-mini-emotions-library";"reprimand2"
"pollen-robotics/reachy-mini-emotions-library";"reprimand3"
"pollen-robotics/reachy-mini-emotions-library";"resigned1"
"pollen-robotics/reachy-mini-emotions-library";"sad1"
"pollen-robotics/reachy-mini-emotions-library";"sad2"
"pollen-robotics/reachy-mini-emotions-library";"scared1"
"pollen-robotics/reachy-mini-emotions-library";"serenity1"
"pollen-robotics/reachy-mini-emotions-library";"shy1"
"pollen-robotics/reachy-mini-emotions-library";"sleep1"
"pollen-robotics/reachy-mini-emotions-library";"success1"
"pollen-robotics/reachy-mini-emotions-library";"success2"
"pollen-robotics/reachy-mini-emotions-library";"surprised1"
"pollen-robotics/reachy-mini-emotions-library";"surprised2"
"pollen-robotics/reachy-mini-emotions-library";"thoughtful1"
"pollen-robotics/reachy-mini-emotions-library";"thoughtful2"
"pollen-robotics/reachy-mini-emotions-library";"tired1"
"pollen-robotics/reachy-mini-emotions-library";"toc-toc-toc"
"pollen-robotics/reachy-mini-emotions-library";"uncertain1"
"pollen-robotics/reachy-mini-emotions-library";"uncomfortable1"
"pollen-robotics/reachy-mini-emotions-library";"understanding1"
"pollen-robotics/reachy-mini-emotions-library";"understanding2"
"pollen-robotics/reachy-mini-emotions-library";"waiting"
"pollen-robotics/reachy-mini-emotions-library";"wake-mini-up"
"pollen-robotics/reachy-mini-emotions-library";"welcoming1"
"pollen-robotics/reachy-mini-emotions-library";"welcoming2"
"pollen-robotics/reachy-mini-emotions-library";"yes_sad1"
"pollen-robotics/reachy-mini-emotions-library";"yes1"
"ShivanshVikram/happy-dance";"attention"
"ShivanshVikram/happy-dance";"attention-1"
"ShivanshVikram/happy-dance";"attention-2"
"ShivanshVikram/happy-dance";"attention-3"
